Time;Value
1670392120306;78.00832
1670393268671;77.90592
1670393278858;40.57088
1670393512608;74.07616
1670393525776;49.95072
1670399286458;77.86496
